body_name,mass,com_x,com_y,com_z,inertia_xx,inertia_yy,inertia_zz,inertia_xy,inertia_xz,inertia_yz
link1,0.1,0,0,0,0.000348958333333333,0.00003125,0.000348958333333333,0,0,0
link2,0.1,0,0,0,0.000348958333333333,0.00003125,0.000348958333333333,0,0,0
link3,0.1,0,0,0,0.000348958333333333,0.00003125,0.000348958333333333,0,0,0
link4,0.1,0,0,0,0.000348958333333333,0.00003125,0.000348958333333333,0,0,0
link5,0.1,0,0,0,0.000348958333333333,0.00003125,0.000348958333333333,0,0,0
link6,0.1,0,0,0,0.000348958333333333,0.00003125,0.000348958333333333,0,0,0
link7,0.1,0,0,0,0.000348958333333333,0.00003125,0.000348958333333333,0,0,0
link8,0.1,0,0,0,0.000348958333333333,0.00003125,0.000348958333333333,0,0,0