ligament_name,frc_scale,rest_len
group1_ligament1,0.166666666666667,0.067
group1_ligament10,0.166666666666667,0.517
group1_ligament2,0.833333333333335,0.225
group1_ligament3,0.666666666666668,0.225
group1_ligament4,0.166666666666667,0.067
group1_ligament5,0.166666666666667,0.067
group1_ligament6,0.500000000000001,0.225
group1_ligament7,0.166666666666667,0.067
group1_ligament8,0.333333333333334,0.225
group1_ligament9,0.166666666666667,0.067
