ligament_name,frc_scale,rest_len
group1_ligament1,0.333333333333333,0.067
group1_ligament2,0.666666666666666,0.225
group1_ligament3,0.333333333333333,1.192
group1_ligament4,0.333333333333333,0.067
