body_name,mass,com_x,com_y,com_z,inertia_xx,inertia_yy,inertia_zz,inertia_xy,inertia_xz,inertia_yz
link1,1,0,0,0,0.021458333333333,0.00125,0.021458333333333,0,0,0
link2,1,0,0,0,0.021458333333333,0.00125,0.021458333333333,0,0,0
link3,1,0,0,0,0.021458333333333,0.00125,0.021458333333333,0,0,0